{"cameraMode":{"drawMode":0,"name":"Shaded","section":"Shading Mode"},"sceneLighting":false,"audioPlay":false,"sceneViewState":{"showFog":true,"showMaterialUpdate":false,"showSkybox":false,"showFlares":true,"showImageEffects":true,"showParticleSystems":true},"in2DMode":false,"pivot":{"x":-0.017809152603149415,"y":0.006648898124694824,"z":-0.013847485184669495},"rotation":{"x":-0.34280747175216677,"y":0.2921164929866791,"z":-0.11306967586278916,"w":-0.8856495022773743},"size":2.8578834533691408,"orthographic":false}