{"cameraMode":{"drawMode":0,"name":"Shaded","section":"Shading Mode"},"sceneLighting":true,"audioPlay":false,"sceneViewState":{"showFog":true,"showMaterialUpdate":false,"showSkybox":true,"showFlares":true,"showImageEffects":true,"showParticleSystems":true},"in2DMode":false,"pivot":{"x":-0.40094247460365298,"y":-0.15146374702453614,"z":0.6834073066711426},"rotation":{"x":0.16224117577075959,"y":-0.286770224571228,"z":0.04937313497066498,"w":0.9428940415382385},"size":1.2022619247436524,"orthographic":false}