{"cameraMode":{"drawMode":0,"name":"Shaded","section":"Shading Mode"},"sceneLighting":true,"audioPlay":false,"sceneViewState":{"showFog":true,"showMaterialUpdate":false,"showSkybox":true,"showFlares":true,"showImageEffects":true,"showParticleSystems":true},"in2DMode":false,"pivot":{"x":0.30367058515548708,"y":12.70082950592041,"z":-0.4392811357975006},"rotation":{"x":-0.20643308758735658,"y":0.7875722646713257,"z":-0.351371705532074,"w":-0.4624290466308594},"size":2.9685022830963136,"orthographic":true}