{"cameraMode":{"drawMode":0,"name":"Shaded","section":"Shading Mode"},"sceneLighting":true,"audioPlay":false,"sceneViewState":{"showFog":true,"showMaterialUpdate":false,"showSkybox":true,"showFlares":true,"showImageEffects":true,"showParticleSystems":true},"in2DMode":false,"pivot":{"x":0.2499999850988388,"y":11.670886993408204,"z":0.24999995529651643},"rotation":{"x":-0.33118870854377749,"y":0.6044354438781738,"z":-0.30279481410980227,"w":-0.6584452390670776},"size":2.011425018310547,"orthographic":true}