{"cameraMode":{"drawMode":0,"name":"Shaded","section":"Shading Mode"},"sceneLighting":true,"audioPlay":false,"sceneViewState":{"showFog":true,"showMaterialUpdate":false,"showSkybox":true,"showFlares":true,"showImageEffects":true,"showParticleSystems":true},"in2DMode":false,"pivot":{"x":-2.1436784267425539,"y":11.126803398132325,"z":-0.18092483282089234},"rotation":{"x":-0.10332871973514557,"y":0.762042224407196,"z":-0.12540683150291444,"w":-0.6269568800926209},"size":4.727299690246582,"orthographic":true}