{"cameraMode":{"drawMode":0,"name":"Shaded","section":"Shading Mode"},"sceneLighting":true,"audioPlay":false,"sceneViewState":{"showFog":true,"showMaterialUpdate":false,"showSkybox":true,"showFlares":true,"showImageEffects":true,"showParticleSystems":true},"in2DMode":false,"pivot":{"x":-8.46785831451416,"y":3.946483612060547,"z":6.487029552459717},"rotation":{"x":-0.0010575240012258292,"y":0.9990969300270081,"z":-0.04318201541900635,"w":-0.013452697545289994},"size":4.717658519744873,"orthographic":true}