{"cameraMode":{"drawMode":0,"name":"Shaded","section":"Shading Mode"},"sceneLighting":false,"audioPlay":false,"sceneViewState":{"showFog":true,"showMaterialUpdate":false,"showSkybox":false,"showFlares":true,"showImageEffects":true,"showParticleSystems":true},"in2DMode":false,"pivot":{"x":-0.0740908682346344,"y":0.380195289850235,"z":0.3298119008541107},"rotation":{"x":-0.04011185094714165,"y":0.6393882632255554,"z":-0.033373452723026279,"w":-0.7671990990638733},"size":0.057223450392484668,"orthographic":true}