{"cameraMode":{"drawMode":0,"name":"Shaded","section":"Shading Mode"},"sceneLighting":true,"audioPlay":false,"sceneViewState":{"showFog":true,"showMaterialUpdate":false,"showSkybox":true,"showFlares":true,"showImageEffects":true,"showParticleSystems":true},"in2DMode":false,"pivot":{"x":0.12436401844024658,"y":12.832900047302246,"z":2.4867048263549806},"rotation":{"x":-0.04011185094714165,"y":0.6393882632255554,"z":-0.033373452723026279,"w":-0.7671990990638733},"size":8.093520164489746,"orthographic":true}