{"cameraMode":{"drawMode":0,"name":"Shaded","section":"Shading Mode"},"sceneLighting":false,"audioPlay":false,"sceneViewState":{"showFog":true,"showMaterialUpdate":false,"showSkybox":false,"showFlares":true,"showImageEffects":true,"showParticleSystems":true},"in2DMode":false,"pivot":{"x":0.0,"y":0.26031234860420229,"z":-0.00047378242015838623},"rotation":{"x":-0.039716728031635287,"y":-0.7208521366119385,"z":0.042513929307460788,"w":-0.6908140182495117},"size":1.5229992866516114,"orthographic":true}