{"cameraMode":{"drawMode":0,"name":"Shaded","section":"Shading Mode"},"sceneLighting":true,"audioPlay":false,"sceneViewState":{"showFog":true,"showMaterialUpdate":false,"showSkybox":true,"showFlares":true,"showImageEffects":true,"showParticleSystems":true},"in2DMode":false,"pivot":{"x":-1.9308562278747559,"y":-3.2705154418945314,"z":10.182062149047852},"rotation":{"x":0.3495694696903229,"y":-0.47821834683418276,"z":0.21523486077785493,"w":0.77645343542099},"size":19.15131950378418,"orthographic":true}