{"cameraMode":{"drawMode":0,"name":"Shaded","section":"Shading Mode"},"sceneLighting":true,"audioPlay":false,"sceneViewState":{"showFog":true,"showMaterialUpdate":false,"showSkybox":true,"showFlares":true,"showImageEffects":true,"showParticleSystems":true},"in2DMode":false,"pivot":{"x":0.10969990491867066,"y":12.639904975891114,"z":0.2896605432033539},"rotation":{"x":-0.2191268354654312,"y":0.555065393447876,"z":-0.15415073931217194,"w":-0.7876105308532715},"size":34.8613166809082,"orthographic":true}