{"cameraMode":{"drawMode":0,"name":"Shaded","section":"Shading Mode"},"sceneLighting":true,"audioPlay":false,"sceneViewState":{"showFog":true,"showMaterialUpdate":false,"showSkybox":true,"showFlares":true,"showImageEffects":true,"showParticleSystems":true},"in2DMode":false,"pivot":{"x":0.6000185012817383,"y":-0.37883949279785159,"z":-0.5196752548217773},"rotation":{"x":-0.135403573513031,"y":-0.5690421462059021,"z":0.09558399766683579,"w":-0.8055076003074646},"size":18.838865280151368,"orthographic":true}