{"cameraMode":{"drawMode":0,"name":"Shaded","section":"Shading Mode"},"sceneLighting":false,"audioPlay":false,"sceneViewState":{"showFog":true,"showMaterialUpdate":false,"showSkybox":false,"showFlares":true,"showImageEffects":true,"showParticleSystems":true},"in2DMode":false,"pivot":{"x":-0.0003000013530254364,"y":0.45964744687080386,"z":0.12847565114498139},"rotation":{"x":-0.6095770597457886,"y":-0.1091168150305748,"z":0.08522792160511017,"w":-0.780588686466217},"size":0.058093633502721789,"orthographic":true}