{"cameraMode":{"drawMode":0,"name":"Shaded","section":"Shading Mode"},"sceneLighting":true,"audioPlay":false,"sceneViewState":{"showFog":true,"showMaterialUpdate":false,"showSkybox":true,"showFlares":true,"showImageEffects":true,"showParticleSystems":true},"in2DMode":false,"pivot":{"x":1.2956321239471436,"y":12.995728492736817,"z":2.107481002807617},"rotation":{"x":-0.4552213251590729,"y":0.453416645526886,"z":-0.2911964952945709,"w":-0.7088027000427246},"size":0.3099413514137268,"orthographic":false}